E_COMMODITY,UNIT_QY1,UNIT_QY2,CTY_CODE,CTY_NAME,DISTRICT,DIST_NAME,YEAR,MONTH,CC_MO,QTY_1_MO,ALL_VAL_MO,AIR_VAL_MO,AIR_WGT_MO,VES_VAL_MO,VES_WGT_MO,CNT_VAL_MO,CNT_WGT_MO,YEAR,MONTH,E_COMMODITY
3915100000,KG,-,5820,HONG KONG,16,"CHARLESTON, SC",2015,10,23,659749,319413,0,0,319413,677749,84842,287656,2015,10,3915100000
3915100000,KG,-,5830,TAIWAN,16,"CHARLESTON, SC",2015,10,0,0,0,0,0,0,0,0,0,2015,10,3915100000
3915100000,KG,-,5XXX,ASIA,16,"CHARLESTON, SC",2015,10,82,2821252,866604,0,0,866604,2881435,529281,2205712,2015,10,3915100000
3915100000,KG,-,0001,OPEC,17,"SAVANNAH, GA",2015,10,0,0,0,0,0,0,0,0,0,2015,10,3915100000
3915100000,KG,-,0014,PACIFIC RIM COUNTRIES,17,"SAVANNAH, GA",2015,10,70,2670986,861202,23079,1292,838123,2678245,790754,2563299,2015,10,3915100000
3915100000,KG,-,0017,CAFTA-DR,17,"SAVANNAH, GA",2015,10,0,0,0,0,0,0,0,0,0,2015,10,3915100000
3915100000,KG,-,0021,TWENTY LATIN AMERICAN REPUBLICS,17,"SAVANNAH, GA",2015,10,0,0,0,0,0,0,0,0,0,2015,10,3915100000
3915100000,KG,-,0022,OECD,17,"SAVANNAH, GA",2015,10,0,0,0,0,0,0,0,0,0,2015,10,3915100000
3915100000,KG,-,0023,NATO,17,"SAVANNAH, GA",2015,10,0,0,0,0,0,0,0,0,0,2015,10,3915100000
3915100000,KG,-,0026,APEC,17,"SAVANNAH, GA",2015,10,73,2869371,922144,23079,1292,899065,2876630,840396,2724969,2015,10,3915100000
3915100000,KG,-,0027,ASEAN,17,"SAVANNAH, GA",2015,10,6,231874,94867,23079,1292,71788,230582,55642,179614,2015,10,3915100000
3915100000,KG,-,0028,CACM,17,"SAVANNAH, GA",2015,10,0,0,0,0,0,0,0,0,0,2015,10,3915100000
3915100000,KG,-,2050,GUATEMALA,17,"SAVANNAH, GA",2015,10,0,0,0,0,0,0,0,0,0,2015,10,3915100000
3915100000,KG,-,2110,EL SALVADOR,17,"SAVANNAH, GA",2015,10,0,0,0,0,0,0,0,0,0,2015,10,3915100000
3915100000,KG,-,2230,COSTA RICA,17,"SAVANNAH, GA",2015,10,0,0,0,0,0,0,0,0,0,2015,10,3915100000
3915100000,KG,-,2XXX,CENTRAL AMERICA,17,"SAVANNAH, GA",2015,10,0,0,0,0,0,0,0,0,0,2015,10,3915100000
3915100000,KG,-,4890,TURKEY,17,"SAVANNAH, GA",2015,10,0,0,0,0,0,0,0,0,0,2015,10,3915100000
3915100000,KG,-,4XXX,EUROPE,17,"SAVANNAH, GA",2015,10,0,0,0,0,0,0,0,0,0,2015,10,3915100000
3915100000,KG,-,5170,SAUDI ARABIA,17,"SAVANNAH, GA",2015,10,0,0,0,0,0,0,0,0,0,2015,10,3915100000
3915100000,KG,-,5330,INDIA,17,"SAVANNAH, GA",2015,10,31,1122400,515363,0,0,515363,1130445,492524,1079455,2015,10,3915100000
3915100000,KG,-,5380,BANGLADESH,17,"SAVANNAH, GA",2015,10,0,0,0,0,0,0,0,0,0,2015,10,3915100000
3915100000,KG,-,5520,VIETNAM,17,"SAVANNAH, GA",2015,10,3,198385,60942,0,0,60942,198385,49642,161670,2015,10,3915100000
3915100000,KG,-,5570,MALAYSIA,17,"SAVANNAH, GA",2015,10,2,32197,10846,0,0,10846,32197,6000,17944,2015,10,3915100000
3915100000,KG,-,5590,SINGAPORE,17,"SAVANNAH, GA",2015,10,1,1292,23079,23079,1292,0,0,0,0,2015,10,3915100000
3915100000,KG,-,5600,INDONESIA,17,"SAVANNAH, GA",2015,10,0,0,0,0,0,0,0,0,0,2015,10,3915100000
3915100000,KG,-,5660,MACAU,17,"SAVANNAH, GA",2015,10,0,0,0,0,0,0,0,0,0,2015,10,3915100000
3915100000,KG,-,5700,CHINA,17,"SAVANNAH, GA",2015,10,43,1985069,625798,0,0,625798,1985069,604557,1935178,2015,10,3915100000
3915100000,KG,-,5800,"KOREA, SOUTH",17,"SAVANNAH, GA",2015,10,0,0,0,0,0,0,0,0,0,2015,10,3915100000
3915100000,KG,-,5820,HONG KONG,17,"SAVANNAH, GA",2015,10,24,652428,201479,0,0,201479,660979,180197,610177,2015,10,3915100000
3915100000,KG,-,5830,TAIWAN,17,"SAVANNAH, GA",2015,10,0,0,0,0,0,0,0,0,0,2015,10,3915100000
3915100000,KG,-,5XXX,ASIA,17,"SAVANNAH, GA",2015,10,104,3991771,1437507,23079,1292,1414428,4007075,1332920,3804424,2015,10,3915100000
3915100000,KG,-,0014,PACIFIC RIM COUNTRIES,18,"TAMPA, FL",2015,10,26,1074258,415265,0,0,415265,1077169,338257,889564,2015,10,3915100000
3915100000,KG,-,0026,APEC,18,"TAMPA, FL",2015,10,27,1091495,418685,0,0,418685,1094406,341677,906801,2015,10,3915100000
3915100000,KG,-,0027,ASEAN,18,"TAMPA, FL",2015,10,6,243364,84020,0,0,84020,243364,84020,243364,2015,10,3915100000
3915100000,KG,-,5330,INDIA,18,"TAMPA, FL",2015,10,5,170171,75124,0,0,75124,170171,75124,170171,2015,10,3915100000
3915100000,KG,-,5520,VIETNAM,18,"TAMPA, FL",2015,10,1,17237,3420,0,0,3420,17237,3420,17237,2015,10,3915100000
3915100000,KG,-,5600,INDONESIA,18,"TAMPA, FL",2015,10,5,226127,80600,0,0,80600,226127,80600,226127,2015,10,3915100000
3915100000,KG,-,5700,CHINA,18,"TAMPA, FL",2015,10,19,759935,287462,0,0,287462,762846,255094,648904,2015,10,3915100000
3915100000,KG,-,5820,HONG KONG,18,"TAMPA, FL",2015,10,2,88196,47203,0,0,47203,88196,2563,14533,2015,10,3915100000
3915100000,KG,-,5830,TAIWAN,18,"TAMPA, FL",2015,10,0,0,0,0,0,0,0,0,0,2015,10,3915100000
3915100000,KG,-,5XXX,ASIA,18,"TAMPA, FL",2015,10,32,1261666,493809,0,0,493809,1264577,416801,1076972,2015,10,3915100000
3915100000,KG,-,0014,PACIFIC RIM COUNTRIES,19,"MOBILE, AL",2015,10,2,93995,92631,0,0,92631,93995,9621,18688,2015,10,3915100000
3915100000,KG,-,0017,CAFTA-DR,19,"MOBILE, AL",2015,10,0,0,0,0,0,0,0,0,0,2015,10,3915100000
3915100000,KG,-,0021,TWENTY LATIN AMERICAN REPUBLICS,19,"MOBILE, AL",2015,10,0,0,0,0,0,0,0,0,0,2015,10,3915100000
3915100000,KG,-,0026,APEC,19,"MOBILE, AL",2015,10,2,93995,92631,0,0,92631,93995,9621,18688,2015,10,3915100000
3915100000,KG,-,0027,ASEAN,19,"MOBILE, AL",2015,10,0,0,0,0,0,0,0,0,0,2015,10,3915100000
3915100000,KG,-,0028,CACM,19,"MOBILE, AL",2015,10,0,0,0,0,0,0,0,0,0,2015,10,3915100000
3915100000,KG,-,2050,GUATEMALA,19,"MOBILE, AL",2015,10,0,0,0,0,0,0,0,0,0,2015,10,3915100000
3915100000,KG,-,2110,EL SALVADOR,19,"MOBILE, AL",2015,10,0,0,0,0,0,0,0,0,0,2015,10,3915100000
3915100000,KG,-,2XXX,CENTRAL AMERICA,19,"MOBILE, AL",2015,10,0,0,0,0,0,0,0,0,0,2015,10,3915100000
3915100000,KG,-,5330,INDIA,19,"MOBILE, AL",2015,10,0,0,0,0,0,0,0,0,0,2015,10,3915100000
3915100000,KG,-,5520,VIETNAM,19,"MOBILE, AL",2015,10,0,0,0,0,0,0,0,0,0,2015,10,3915100000
3915100000,KG,-,5700,CHINA,19,"MOBILE, AL",2015,10,1,18688,9621,0,0,9621,18688,9621,18688,2015,10,3915100000
3915100000,KG,-,-,TOTAL FOR ALL COUNTRIES,70,LOW VALUE,2015,10,1,4958521,132116,0,0,0,0,0,0,2015,10,3915100000
3915100000,KG,-,-,TOTAL FOR ALL COUNTRIES,49,"SAN JUAN, PR",2015,10,6,178506,50110,0,0,50110,180052,40684,159491,2015,10,3915100000
3915100000,KG,-,-,TOTAL FOR ALL COUNTRIES,52,"MIAMI, FL",2015,10,9,494178,188738,0,0,188738,494178,185483,474992,2015,10,3915100000
3915100000,KG,-,-,TOTAL FOR ALL COUNTRIES,53,"HOUSTON-GALVESTON, TX",2015,10,90,2887717,2534251,0,0,2534251,2910181,2306719,2438051,2015,10,3915100000
3915100000,KG,-,0026,APEC,01,"PORTLAND, ME",2015,10,0,0,0,0,0,0,0,0,0,2015,10,3915100000
3915100000,KG,-,0020,NAFTA,01,"PORTLAND, ME",2015,10,0,0,0,0,0,0,0,0,0,2015,10,3915100000
3915100000,KG,-,0022,OECD,01,"PORTLAND, ME",2015,10,0,0,0,0,0,0,0,0,0,2015,10,3915100000
3915100000,KG,-,0023,NATO,01,"PORTLAND, ME",2015,10,0,0,0,0,0,0,0,0,0,2015,10,3915100000
3915100000,KG,-,1220,CANADA,01,"PORTLAND, ME",2015,10,0,0,0,0,0,0,0,0,0,2015,10,3915100000
3915100000,KG,-,1XXX,NORTH AMERICA,01,"PORTLAND, ME",2015,10,0,0,0,0,0,0,0,0,0,2015,10,3915100000
3915100000,KG,-,0020,NAFTA,02,"ST. ALBANS, VT",2015,10,2,24149,14530,0,0,0,0,0,0,2015,10,3915100000
3915100000,KG,-,0022,OECD,02,"ST. ALBANS, VT",2015,10,2,24149,14530,0,0,0,0,0,0,2015,10,3915100000
3915100000,KG,-,0023,NATO,02,"ST. ALBANS, VT",2015,10,2,24149,14530,0,0,0,0,0,0,2015,10,3915100000
3915100000,KG,-,0026,APEC,02,"ST. ALBANS, VT",2015,10,2,24149,14530,0,0,0,0,0,0,2015,10,3915100000
3915100000,KG,-,1220,CANADA,02,"ST. ALBANS, VT",2015,10,2,24149,14530,0,0,0,0,0,0,2015,10,3915100000
3915100000,KG,-,1XXX,NORTH AMERICA,02,"ST. ALBANS, VT",2015,10,2,24149,14530,0,0,0,0,0,0,2015,10,3915100000
3915100000,KG,-,0014,PACIFIC RIM COUNTRIES,04,"BOSTON, MA",2015,10,10,284631,95704,0,0,95704,320267,56583,120915,2015,10,3915100000
3915100000,KG,-,0026,APEC,04,"BOSTON, MA",2015,10,11,300613,102896,0,0,102896,336349,63775,136997,2015,10,3915100000
3915100000,KG,-,5570,MALAYSIA,04,"BOSTON, MA",2015,10,0,0,0,0,0,0,0,0,0,2015,10,3915100000
3915100000,KG,-,0027,ASEAN,04,"BOSTON, MA",2015,10,1,15982,7192,0,0,7192,16082,7192,16082,2015,10,3915100000
3915100000,KG,-,5330,INDIA,04,"BOSTON, MA",2015,10,1,19000,12000,0,0,12000,20000,12000,20000,2015,10,3915100000
3915100000,KG,-,5520,VIETNAM,04,"BOSTON, MA",2015,10,1,15982,7192,0,0,7192,16082,7192,16082,2015,10,3915100000
3915100000,KG,-,5600,INDONESIA,04,"BOSTON, MA",2015,10,0,0,0,0,0,0,0,0,0,2015,10,3915100000
3915100000,KG,-,5700,CHINA,04,"BOSTON, MA",2015,10,7,234115,76121,0,0,76121,269615,45000,90000,2015,10,3915100000
3915100000,KG,-,5820,HONG KONG,04,"BOSTON, MA",2015,10,2,32256,13383,0,0,13383,32392,5383,12655,2015,10,3915100000
3915100000,KG,-,5830,TAIWAN,04,"BOSTON, MA",2015,10,1,18260,6200,0,0,6200,18260,6200,18260,2015,10,3915100000
3915100000,KG,-,5XXX,ASIA,04,"BOSTON, MA",2015,10,12,319613,114896,0,0,114896,356349,75775,156997,2015,10,3915100000
3915100000,KG,-,0020,NAFTA,07,"OGDENSBURG, NY",2015,10,21,314549,247022,0,0,0,0,0,0,2015,10,3915100000
3915100000,KG,-,0022,OECD,07,"OGDENSBURG, NY",2015,10,21,314549,247022,0,0,0,0,0,0,2015,10,3915100000
3915100000,KG,-,0023,NATO,07,"OGDENSBURG, NY",2015,10,21,314549,247022,0,0,0,0,0,0,2015,10,3915100000
3915100000,KG,-,0026,APEC,07,"OGDENSBURG, NY",2015,10,21,314549,247022,0,0,0,0,0,0,2015,10,3915100000
3915100000,KG,-,1220,CANADA,07,"OGDENSBURG, NY",2015,10,21,314549,247022,0,0,0,0,0,0,2015,10,3915100000
3915100000,KG,-,1XXX,NORTH AMERICA,07,"OGDENSBURG, NY",2015,10,21,314549,247022,0,0,0,0,0,0,2015,10,3915100000
3915100000,KG,-,0020,NAFTA,09,"BUFFALO, NY",2015,10,40,933908,431326,0,0,0,0,0,0,2015,10,3915100000
3915100000,KG,-,0022,OECD,09,"BUFFALO, NY",2015,10,40,933908,431326,0,0,0,0,0,0,2015,10,3915100000
3915100000,KG,-,0023,NATO,09,"BUFFALO, NY",2015,10,40,933908,431326,0,0,0,0,0,0,2015,10,3915100000
3915100000,KG,-,0026,APEC,09,"BUFFALO, NY",2015,10,40,933908,431326,0,0,0,0,0,0,2015,10,3915100000
3915100000,KG,-,1220,CANADA,09,"BUFFALO, NY",2015,10,40,933908,431326,0,0,0,0,0,0,2015,10,3915100000
3915100000,KG,-,1XXX,NORTH AMERICA,09,"BUFFALO, NY",2015,10,40,933908,431326,0,0,0,0,0,0,2015,10,3915100000
3915100000,KG,-,0003,EUROPEAN UNION,10,"NEW YORK CITY, NY",2015,10,1,18112,4162,0,0,4162,18112,0,0,2015,10,3915100000
3915100000,KG,-,0014,PACIFIC RIM COUNTRIES,10,"NEW YORK CITY, NY",2015,10,120,5078353,1787062,0,0,1787062,5110776,1134736,3540271,2015,10,3915100000
3915100000,KG,-,0017,CAFTA-DR,10,"NEW YORK CITY, NY",2015,10,0,0,0,0,0,0,0,0,0,2015,10,3915100000
3915100000,KG,-,0021,TWENTY LATIN AMERICAN REPUBLICS,10,"NEW YORK CITY, NY",2015,10,0,0,0,0,0,0,0,0,0,2015,10,3915100000
3915100000,KG,-,0022,OECD,10,"NEW YORK CITY, NY",2015,10,1,18112,4162,0,0,4162,18112,0,0,2015,10,3915100000
3915100000,KG,-,0023,NATO,10,"NEW YORK CITY, NY",2015,10,1,18112,4162,0,0,4162,18112,0,0,2015,10,3915100000
3915100000,KG,-,0024,LAFTA,10,"NEW YORK CITY, NY",2015,10,0,0,0,0,0,0,0,0,0,2015,10,3915100000
3915100000,KG,-,0025,EURO AREA,10,"NEW YORK CITY, NY",2015,10,1,18112,4162,0,0,4162,18112,0,0,2015,10,3915100000
3915100000,KG,-,0026,APEC,10,"NEW YORK CITY, NY",2015,10,128,5294051,1851922,0,0,1851922,5326574,1183486,3720252,2015,10,3915100000
3915100000,KG,-,0027,ASEAN,10,"NEW YORK CITY, NY",2015,10,8,215698,64860,0,0,64860,215798,48750,179981,2015,10,3915100000
3915100000,KG,-,0028,CACM,10,"NEW YORK CITY, NY",2015,10,0,0,0,0,0,0,0,0,0,2015,10,3915100000
3915100000,KG,-,2110,EL SALVADOR,10,"NEW YORK CITY, NY",2015,10,0,0,0,0,0,0,0,0,0,2015,10,3915100000
3915100000,KG,-,2320,BERMUDA,10,"NEW YORK CITY, NY",2015,10,0,0,0,0,0,0,0,0,0,2015,10,3915100000
3915100000,KG,-,2470,DOMINICAN REPUBLIC,10,"NEW YORK CITY, NY",2015,10,0,0,0,0,0,0,0,0,0,2015,10,3915100000
3915100000,KG,-,2XXX,CENTRAL AMERICA,10,"NEW YORK CITY, NY",2015,10,0,0,0,0,0,0,0,0,0,2015,10,3915100000
3915100000,KG,-,3370,CHILE,10,"NEW YORK CITY, NY",2015,10,0,0,0,0,0,0,0,0,0,2015,10,3915100000
3915100000,KG,-,3XXX,SOUTH AMERICA,10,"NEW YORK CITY, NY",2015,10,0,0,0,0,0,0,0,0,0,2015,10,3915100000
3915100000,KG,-,4280,GERMANY,10,"NEW YORK CITY, NY",2015,10,1,18112,4162,0,0,4162,18112,0,0,2015,10,3915100000
3915100000,KG,-,4759,ITALY,10,"NEW YORK CITY, NY",2015,10,0,0,0,0,0,0,0,0,0,2015,10,3915100000
3915100000,KG,-,4890,TURKEY,10,"NEW YORK CITY, NY",2015,10,0,0,0,0,0,0,0,0,0,2015,10,3915100000
3915100000,KG,-,4XXX,EUROPE,10,"NEW YORK CITY, NY",2015,10,1,18112,4162,0,0,4162,18112,0,0,2015,10,3915100000
3915100000,KG,-,5330,INDIA,10,"NEW YORK CITY, NY",2015,10,52,2464999,1280150,0,0,1280150,2477926,1152070,2187457,2015,10,3915100000
3915100000,KG,-,5350,PAKISTAN,10,"NEW YORK CITY, NY",2015,10,0,0,0,0,0,0,0,0,0,2015,10,3915100000
3915100000,KG,-,5380,BANGLADESH,10,"NEW YORK CITY, NY",2015,10,1,14515,4480,0,0,4480,14515,4480,14515,2015,10,3915100000
3915100000,KG,-,5520,VIETNAM,10,"NEW YORK CITY, NY",2015,10,8,215698,64860,0,0,64860,215798,48750,179981,2015,10,3915100000
3915100000,KG,-,5570,MALAYSIA,10,"NEW YORK CITY, NY",2015,10,0,0,0,0,0,0,0,0,0,2015,10,3915100000
3915100000,KG,-,5830,TAIWAN,10,"NEW YORK CITY, NY",2015,10,6,370000,96445,0,0,96445,370000,96445,370000,2015,10,3915100000
3915100000,KG,-,5600,INDONESIA,10,"NEW YORK CITY, NY",2015,10,0,0,0,0,0,0,0,0,0,2015,10,3915100000
3915100000,KG,-,5700,CHINA,10,"NEW YORK CITY, NY",2015,10,68,3192858,1221399,0,0,1221399,3197621,734068,1965590,2015,10,3915100000
3915100000,KG,-,5820,HONG KONG,10,"NEW YORK CITY, NY",2015,10,46,1515495,469218,0,0,469218,1543155,304223,1204681,2015,10,3915100000
3915100000,KG,-,5XXX,ASIA,10,"NEW YORK CITY, NY",2015,10,181,7773565,3136552,0,0,3136552,7819015,2340036,5922224,2015,10,3915100000
3915100000,KG,-,7910,SOUTH AFRICA,10,"NEW YORK CITY, NY",2015,10,0,0,0,0,0,0,0,0,0,2015,10,3915100000
3915100000,KG,-,7XXX,AFRICA,10,"NEW YORK CITY, NY",2015,10,0,0,0,0,0,0,0,0,0,2015,10,3915100000
3915100000,KG,-,0003,EUROPEAN UNION,11,"PHILADELPHIA, PA",2015,10,1,20,6176,6176,23,0,0,0,0,2015,10,3915100000
3915100000,KG,-,4XXX,EUROPE,11,"PHILADELPHIA, PA",2015,10,1,20,6176,6176,23,0,0,0,0,2015,10,3915100000
3915100000,KG,-,0022,OECD,11,"PHILADELPHIA, PA",2015,10,1,20,6176,6176,23,0,0,0,0,2015,10,3915100000
3915100000,KG,-,0023,NATO,11,"PHILADELPHIA, PA",2015,10,1,20,6176,6176,23,0,0,0,0,2015,10,3915100000
3915100000,KG,-,4120,UNITED KINGDOM,11,"PHILADELPHIA, PA",2015,10,1,20,6176,6176,23,0,0,0,0,2015,10,3915100000
3915100000,KG,-,5330,INDIA,11,"PHILADELPHIA, PA",2015,10,1,33807,24349,0,0,24349,35807,24349,35807,2015,10,3915100000
3915100000,KG,-,5XXX,ASIA,11,"PHILADELPHIA, PA",2015,10,1,33807,24349,0,0,24349,35807,24349,35807,2015,10,3915100000
3915100000,KG,-,0014,PACIFIC RIM COUNTRIES,13,"BALTIMORE, MD",2015,10,7,287898,125627,0,0,125627,287898,125627,287898,2015,10,3915100000
3915100000,KG,-,0026,APEC,13,"BALTIMORE, MD",2015,10,7,287898,125627,0,0,125627,287898,125627,287898,2015,10,3915100000
3915100000,KG,-,0027,ASEAN,13,"BALTIMORE, MD",2015,10,0,0,0,0,0,0,0,0,0,2015,10,3915100000
3915100000,KG,-,5330,INDIA,13,"BALTIMORE, MD",2015,10,2,56412,30759,0,0,30759,56512,30759,56512,2015,10,3915100000
3915100000,KG,-,5520,VIETNAM,13,"BALTIMORE, MD",2015,10,0,0,0,0,0,0,0,0,0,2015,10,3915100000
3915100000,KG,-,5700,CHINA,13,"BALTIMORE, MD",2015,10,7,287898,125627,0,0,125627,287898,125627,287898,2015,10,3915100000
3915100000,KG,-,5820,HONG KONG,13,"BALTIMORE, MD",2015,10,0,0,0,0,0,0,0,0,0,2015,10,3915100000
3915100000,KG,-,5830,TAIWAN,13,"BALTIMORE, MD",2015,10,0,0,0,0,0,0,0,0,0,2015,10,3915100000
3915100000,KG,-,5XXX,ASIA,13,"BALTIMORE, MD",2015,10,9,344310,156386,0,0,156386,344410,156386,344410,2015,10,3915100000
3915100000,KG,-,0001,OPEC,14,"NORFOLK, VA",2015,10,0,0,0,0,0,0,0,0,0,2015,10,3915100000
3915100000,KG,-,0014,PACIFIC RIM COUNTRIES,14,"NORFOLK, VA",2015,10,54,5122230,2531754,0,0,2531754,5133716,2322015,4644600,2015,10,3915100000
3915100000,KG,-,0026,APEC,14,"NORFOLK, VA",2015,10,59,5256004,2566390,0,0,2566390,5267490,2356651,4778374,2015,10,3915100000
3915100000,KG,-,0027,ASEAN,14,"NORFOLK, VA",2015,10,13,531248,177236,0,0,177236,531248,177236,531248,2015,10,3915100000
3915100000,KG,-,5170,SAUDI ARABIA,14,"NORFOLK, VA",2015,10,0,0,0,0,0,0,0,0,0,2015,10,3915100000
3915100000,KG,-,5330,INDIA,14,"NORFOLK, VA",2015,10,24,631832,249543,0,0,249543,653123,210327,582871,2015,10,3915100000
3915100000,KG,-,5570,MALAYSIA,14,"NORFOLK, VA",2015,10,0,0,0,0,0,0,0,0,0,2015,10,3915100000
3915100000,KG,-,5350,PAKISTAN,14,"NORFOLK, VA",2015,10,0,0,0,0,0,0,0,0,0,2015,10,3915100000
3915100000,KG,-,5380,BANGLADESH,14,"NORFOLK, VA",2015,10,0,0,0,0,0,0,0,0,0,2015,10,3915100000
3915100000,KG,-,5520,VIETNAM,14,"NORFOLK, VA",2015,10,5,133774,34636,0,0,34636,133774,34636,133774,2015,10,3915100000
3915100000,KG,-,5600,INDONESIA,14,"NORFOLK, VA",2015,10,8,397474,142600,0,0,142600,397474,142600,397474,2015,10,3915100000
3915100000,KG,-,5700,CHINA,14,"NORFOLK, VA",2015,10,36,4360889,2232118,0,0,2232118,4368368,2147333,4076831,2015,10,3915100000
3915100000,KG,-,5820,HONG KONG,14,"NORFOLK, VA",2015,10,9,344653,153576,0,0,153576,348660,28622,151081,2015,10,3915100000
3915100000,KG,-,5830,TAIWAN,14,"NORFOLK, VA",2015,10,1,19214,3460,0,0,3460,19214,3460,19214,2015,10,3915100000
3915100000,KG,-,5XXX,ASIA,14,"NORFOLK, VA",2015,10,83,5887836,2815933,0,0,2815933,5920613,2566978,5361245,2015,10,3915100000
3915100000,KG,-,0014,PACIFIC RIM COUNTRIES,15,"WILMINGTON, NC",2015,10,2,36260,11200,0,0,11200,36260,11200,36260,2015,10,3915100000
3915100000,KG,-,0026,APEC,15,"WILMINGTON, NC",2015,10,2,36260,11200,0,0,11200,36260,11200,36260,2015,10,3915100000
3915100000,KG,-,0027,ASEAN,15,"WILMINGTON, NC",2015,10,0,0,0,0,0,0,0,0,0,2015,10,3915100000
3915100000,KG,-,5570,MALAYSIA,15,"WILMINGTON, NC",2015,10,0,0,0,0,0,0,0,0,0,2015,10,3915100000
3915100000,KG,-,5700,CHINA,15,"WILMINGTON, NC",2015,10,2,36260,11200,0,0,11200,36260,11200,36260,2015,10,3915100000
3915100000,KG,-,5820,HONG KONG,15,"WILMINGTON, NC",2015,10,0,0,0,0,0,0,0,0,0,2015,10,3915100000
3915100000,KG,-,5XXX,ASIA,15,"WILMINGTON, NC",2015,10,2,36260,11200,0,0,11200,36260,11200,36260,2015,10,3915100000
3915100000,KG,-,0014,PACIFIC RIM COUNTRIES,16,"CHARLESTON, SC",2015,10,60,2248601,665385,0,0,665385,2304614,368392,1715479,2015,10,3915100000
3915100000,KG,-,0017,CAFTA-DR,16,"CHARLESTON, SC",2015,10,0,0,0,0,0,0,0,0,0,2015,10,3915100000
3915100000,KG,-,0021,TWENTY LATIN AMERICAN REPUBLICS,16,"CHARLESTON, SC",2015,10,0,0,0,0,0,0,0,0,0,2015,10,3915100000
3915100000,KG,-,0026,APEC,16,"CHARLESTON, SC",2015,10,68,2458299,723727,0,0,723727,2514312,426734,1925177,2015,10,3915100000
3915100000,KG,-,0027,ASEAN,16,"CHARLESTON, SC",2015,10,8,209698,58342,0,0,58342,209698,58342,209698,2015,10,3915100000
3915100000,KG,-,0028,CACM,16,"CHARLESTON, SC",2015,10,0,0,0,0,0,0,0,0,0,2015,10,3915100000
3915100000,KG,-,2050,GUATEMALA,16,"CHARLESTON, SC",2015,10,0,0,0,0,0,0,0,0,0,2015,10,3915100000
3915100000,KG,-,2470,DOMINICAN REPUBLIC,16,"CHARLESTON, SC",2015,10,0,0,0,0,0,0,0,0,0,2015,10,3915100000
3915100000,KG,-,2XXX,CENTRAL AMERICA,16,"CHARLESTON, SC",2015,10,0,0,0,0,0,0,0,0,0,2015,10,3915100000
3915100000,KG,-,5330,INDIA,16,"CHARLESTON, SC",2015,10,13,342768,125377,0,0,125377,346938,85047,260350,2015,10,3915100000
3915100000,KG,-,5350,PAKISTAN,16,"CHARLESTON, SC",2015,10,1,20185,17500,0,0,17500,20185,17500,20185,2015,10,3915100000
3915100000,KG,-,5520,VIETNAM,16,"CHARLESTON, SC",2015,10,8,209698,58342,0,0,58342,209698,58342,209698,2015,10,3915100000
3915100000,KG,-,5570,MALAYSIA,16,"CHARLESTON, SC",2015,10,0,0,0,0,0,0,0,0,0,2015,10,3915100000
3915100000,KG,-,5600,INDONESIA,16,"CHARLESTON, SC",2015,10,0,0,0,0,0,0,0,0,0,2015,10,3915100000
3915100000,KG,-,5700,CHINA,16,"CHARLESTON, SC",2015,10,37,1588852,345972,0,0,345972,1626865,283550,1427823,2015,10,3915100000
3915100000,KG,-,0026,APEC,20,"NEW ORLEANS, LA",2015,10,0,0,0,0,0,0,0,0,0,2015,10,3915100000
3915100000,KG,-,5820,HONG KONG,19,"MOBILE, AL",2015,10,1,75307,83010,0,0,83010,75307,0,0,2015,10,3915100000
3915100000,KG,-,5XXX,ASIA,19,"MOBILE, AL",2015,10,2,93995,92631,0,0,92631,93995,9621,18688,2015,10,3915100000
3915100000,KG,-,0014,PACIFIC RIM COUNTRIES,20,"NEW ORLEANS, LA",2015,10,0,0,0,0,0,0,0,0,0,2015,10,3915100000
3915100000,KG,-,0017,CAFTA-DR,20,"NEW ORLEANS, LA",2015,10,2,107996,28381,0,0,28381,109945,28381,109945,2015,10,3915100000
3915100000,KG,-,0021,TWENTY LATIN AMERICAN REPUBLICS,20,"NEW ORLEANS, LA",2015,10,2,107996,28381,0,0,28381,109945,28381,109945,2015,10,3915100000
3915100000,KG,-,0028,CACM,20,"NEW ORLEANS, LA",2015,10,1,17546,6447,0,0,6447,19495,6447,19495,2015,10,3915100000
3915100000,KG,-,2050,GUATEMALA,20,"NEW ORLEANS, LA",2015,10,1,17546,6447,0,0,6447,19495,6447,19495,2015,10,3915100000
3915100000,KG,-,2230,COSTA RICA,20,"NEW ORLEANS, LA",2015,10,0,0,0,0,0,0,0,0,0,2015,10,3915100000
3915100000,KG,-,2470,DOMINICAN REPUBLIC,20,"NEW ORLEANS, LA",2015,10,1,90450,21934,0,0,21934,90450,21934,90450,2015,10,3915100000
3915100000,KG,-,2XXX,CENTRAL AMERICA,20,"NEW ORLEANS, LA",2015,10,2,107996,28381,0,0,28381,109945,28381,109945,2015,10,3915100000
3915100000,KG,-,5350,PAKISTAN,20,"NEW ORLEANS, LA",2015,10,0,0,0,0,0,0,0,0,0,2015,10,3915100000
3915100000,KG,-,5820,HONG KONG,20,"NEW ORLEANS, LA",2015,10,0,0,0,0,0,0,0,0,0,2015,10,3915100000
3915100000,KG,-,5XXX,ASIA,20,"NEW ORLEANS, LA",2015,10,0,0,0,0,0,0,0,0,0,2015,10,3915100000
3915100000,KG,-,0020,NAFTA,23,"LAREDO, TX",2015,10,22,221378,71617,0,0,0,0,0,0,2015,10,3915100000
3915100000,KG,-,0021,TWENTY LATIN AMERICAN REPUBLICS,23,"LAREDO, TX",2015,10,22,221378,71617,0,0,0,0,0,0,2015,10,3915100000
3915100000,KG,-,0022,OECD,23,"LAREDO, TX",2015,10,22,221378,71617,0,0,0,0,0,0,2015,10,3915100000
3915100000,KG,-,0024,LAFTA,23,"LAREDO, TX",2015,10,22,221378,71617,0,0,0,0,0,0,2015,10,3915100000
3915100000,KG,-,0026,APEC,23,"LAREDO, TX",2015,10,22,221378,71617,0,0,0,0,0,0,2015,10,3915100000
3915100000,KG,-,1XXX,NORTH AMERICA,23,"LAREDO, TX",2015,10,22,221378,71617,0,0,0,0,0,0,2015,10,3915100000
3915100000,KG,-,2010,MEXICO,23,"LAREDO, TX",2015,10,22,221378,71617,0,0,0,0,0,0,2015,10,3915100000
3915100000,KG,-,0020,NAFTA,24,"EL PASO, TX",2015,10,4,26848,67732,0,0,0,0,0,0,2015,10,3915100000
3915100000,KG,-,0021,TWENTY LATIN AMERICAN REPUBLICS,24,"EL PASO, TX",2015,10,4,26848,67732,0,0,0,0,0,0,2015,10,3915100000
3915100000,KG,-,0022,OECD,24,"EL PASO, TX",2015,10,4,26848,67732,0,0,0,0,0,0,2015,10,3915100000
3915100000,KG,-,0024,LAFTA,24,"EL PASO, TX",2015,10,4,26848,67732,0,0,0,0,0,0,2015,10,3915100000
3915100000,KG,-,0026,APEC,24,"EL PASO, TX",2015,10,4,26848,67732,0,0,0,0,0,0,2015,10,3915100000
3915100000,KG,-,1XXX,NORTH AMERICA,24,"EL PASO, TX",2015,10,4,26848,67732,0,0,0,0,0,0,2015,10,3915100000
3915100000,KG,-,2010,MEXICO,24,"EL PASO, TX",2015,10,4,26848,67732,0,0,0,0,0,0,2015,10,3915100000
3915100000,KG,-,0014,PACIFIC RIM COUNTRIES,25,"SAN DIEGO, CA",2015,10,1,18845,5000,0,0,5000,18845,0,0,2015,10,3915100000
3915100000,KG,-,0020,NAFTA,25,"SAN DIEGO, CA",2015,10,2,23918,25510,0,0,0,0,0,0,2015,10,3915100000
3915100000,KG,-,0021,TWENTY LATIN AMERICAN REPUBLICS,25,"SAN DIEGO, CA",2015,10,2,23918,25510,0,0,0,0,0,0,2015,10,3915100000
3915100000,KG,-,0022,OECD,25,"SAN DIEGO, CA",2015,10,2,23918,25510,0,0,0,0,0,0,2015,10,3915100000
3915100000,KG,-,0024,LAFTA,25,"SAN DIEGO, CA",2015,10,2,23918,25510,0,0,0,0,0,0,2015,10,3915100000
3915100000,KG,-,0026,APEC,25,"SAN DIEGO, CA",2015,10,3,42763,30510,0,0,5000,18845,0,0,2015,10,3915100000
3915100000,KG,-,1XXX,NORTH AMERICA,25,"SAN DIEGO, CA",2015,10,2,23918,25510,0,0,0,0,0,0,2015,10,3915100000
3915100000,KG,-,2010,MEXICO,25,"SAN DIEGO, CA",2015,10,2,23918,25510,0,0,0,0,0,0,2015,10,3915100000
3915100000,KG,-,5330,INDIA,25,"SAN DIEGO, CA",2015,10,0,0,0,0,0,0,0,0,0,2015,10,3915100000
3915100000,KG,-,5700,CHINA,25,"SAN DIEGO, CA",2015,10,1,18845,5000,0,0,5000,18845,0,0,2015,10,3915100000
3915100000,KG,-,5820,HONG KONG,25,"SAN DIEGO, CA",2015,10,0,0,0,0,0,0,0,0,0,2015,10,3915100000
3915100000,KG,-,5XXX,ASIA,25,"SAN DIEGO, CA",2015,10,1,18845,5000,0,0,5000,18845,0,0,2015,10,3915100000
3915100000,KG,-,0020,NAFTA,26,"NOGALES, AZ",2015,10,0,0,0,0,0,0,0,0,0,2015,10,3915100000
3915100000,KG,-,0021,TWENTY LATIN AMERICAN REPUBLICS,26,"NOGALES, AZ",2015,10,0,0,0,0,0,0,0,0,0,2015,10,3915100000
3915100000,KG,-,0022,OECD,26,"NOGALES, AZ",2015,10,0,0,0,0,0,0,0,0,0,2015,10,3915100000
3915100000,KG,-,0024,LAFTA,26,"NOGALES, AZ",2015,10,0,0,0,0,0,0,0,0,0,2015,10,3915100000
3915100000,KG,-,0026,APEC,26,"NOGALES, AZ",2015,10,0,0,0,0,0,0,0,0,0,2015,10,3915100000
3915100000,KG,-,1XXX,NORTH AMERICA,26,"NOGALES, AZ",2015,10,0,0,0,0,0,0,0,0,0,2015,10,3915100000
3915100000,KG,-,2010,MEXICO,26,"NOGALES, AZ",2015,10,0,0,0,0,0,0,0,0,0,2015,10,3915100000
3915100000,KG,-,0001,OPEC,27,"LOS ANGELES, CA",2015,10,1,20000,21400,0,0,21400,20000,21400,20000,2015,10,3915100000
3915100000,KG,-,0003,EUROPEAN UNION,27,"LOS ANGELES, CA",2015,10,0,0,0,0,0,0,0,0,0,2015,10,3915100000
3915100000,KG,-,0014,PACIFIC RIM COUNTRIES,27,"LOS ANGELES, CA",2015,10,543,20263560,7918160,0,0,7918160,20550980,6735851,17600298,2015,10,3915100000
3915100000,KG,-,0017,CAFTA-DR,27,"LOS ANGELES, CA",2015,10,4,379219,352607,0,0,352607,400000,352607,400000,2015,10,3915100000
3915100000,KG,-,0021,TWENTY LATIN AMERICAN REPUBLICS,27,"LOS ANGELES, CA",2015,10,7,439219,381047,0,0,381047,460000,381047,460000,2015,10,3915100000
3915100000,KG,-,0022,OECD,27,"LOS ANGELES, CA",2015,10,6,114141,39905,0,0,39905,114753,39905,114753,2015,10,3915100000
3915100000,KG,-,0023,NATO,27,"LOS ANGELES, CA",2015,10,0,0,0,0,0,0,0,0,0,2015,10,3915100000
3915100000,KG,-,0024,LAFTA,27,"LOS ANGELES, CA",2015,10,3,60000,28440,0,0,28440,60000,28440,60000,2015,10,3915100000
3915100000,KG,-,0026,APEC,27,"LOS ANGELES, CA",2015,10,558,20614638,8048428,0,0,8048428,20902458,6866119,17951776,2015,10,3915100000
3915100000,KG,-,0027,ASEAN,27,"LOS ANGELES, CA",2015,10,39,1737943,619204,0,0,619204,1738343,551928,1511534,2015,10,3915100000
3915100000,KG,-,3310,ECUADOR,27,"LOS ANGELES, CA",2015,10,1,20000,21400,0,0,21400,20000,21400,20000,2015,10,3915100000
3915100000,KG,-,0028,CACM,27,"LOS ANGELES, CA",2015,10,4,379219,352607,0,0,352607,400000,352607,400000,2015,10,3915100000
3915100000,KG,-,2110,EL SALVADOR,27,"LOS ANGELES, CA",2015,10,4,379219,352607,0,0,352607,400000,352607,400000,2015,10,3915100000
3915100000,KG,-,2XXX,CENTRAL AMERICA,27,"LOS ANGELES, CA",2015,10,4,379219,352607,0,0,352607,400000,352607,400000,2015,10,3915100000
3915100000,KG,-,3370,CHILE,27,"LOS ANGELES, CA",2015,10,2,40000,7040,0,0,7040,40000,7040,40000,2015,10,3915100000
3915100000,KG,-,3XXX,SOUTH AMERICA,27,"LOS ANGELES, CA",2015,10,3,60000,28440,0,0,28440,60000,28440,60000,2015,10,3915100000
3915100000,KG,-,4351,CZECH REPUBLIC,27,"LOS ANGELES, CA",2015,10,0,0,0,0,0,0,0,0,0,2015,10,3915100000
3915100000,KG,-,4XXX,EUROPE,27,"LOS ANGELES, CA",2015,10,0,0,0,0,0,0,0,0,0,2015,10,3915100000
3915100000,KG,-,5330,INDIA,27,"LOS ANGELES, CA",2015,10,1,16692,9130,0,0,9130,16692,0,0,2015,10,3915100000
3915100000,KG,-,5350,PAKISTAN,27,"LOS ANGELES, CA",2015,10,0,0,0,0,0,0,0,0,0,2015,10,3915100000
3915100000,KG,-,5490,THAILAND,27,"LOS ANGELES, CA",2015,10,0,0,0,0,0,0,0,0,0,2015,10,3915100000
3915100000,KG,-,5520,VIETNAM,27,"LOS ANGELES, CA",2015,10,13,311078,123228,0,0,123228,311478,123228,311478,2015,10,3915100000
3915100000,KG,-,5570,MALAYSIA,27,"LOS ANGELES, CA",2015,10,9,287177,86776,0,0,86776,287177,19500,60368,2015,10,3915100000
3915100000,KG,-,5600,INDONESIA,27,"LOS ANGELES, CA",2015,10,17,1139688,409200,0,0,409200,1139688,409200,1139688,2015,10,3915100000
3915100000,KG,-,5650,PHILIPPINES,27,"LOS ANGELES, CA",2015,10,0,0,0,0,0,0,0,0,0,2015,10,3915100000
3915100000,KG,-,5700,CHINA,27,"LOS ANGELES, CA",2015,10,348,12375345,4995951,0,0,4995951,12588852,4416687,10904336,2015,10,3915100000
3915100000,KG,-,5800,"KOREA, SOUTH",27,"LOS ANGELES, CA",2015,10,2,38141,22865,0,0,22865,38753,22865,38753,2015,10,3915100000
3915100000,KG,-,5820,HONG KONG,27,"LOS ANGELES, CA",2015,10,147,5332485,2026108,0,0,2026108,5405786,1510039,4415829,2015,10,3915100000
3915100000,KG,-,5830,TAIWAN,27,"LOS ANGELES, CA",2015,10,18,1054724,367260,0,0,367260,1054724,347560,1005324,2015,10,3915100000
3915100000,KG,-,5880,JAPAN,27,"LOS ANGELES, CA",2015,10,2,36000,10000,0,0,10000,36000,10000,36000,2015,10,3915100000
3915100000,KG,-,5XXX,ASIA,27,"LOS ANGELES, CA",2015,10,557,20591330,8050518,0,0,8050518,20879150,6859079,17911776,2015,10,3915100000
3915100000,KG,-,0001,OPEC,28,"SAN FRANCISCO, CA",2015,10,1,19047,9454,0,0,9454,19047,9454,19047,2015,10,3915100000
3915100000,KG,-,0014,PACIFIC RIM COUNTRIES,28,"SAN FRANCISCO, CA",2015,10,68,4352908,1825136,0,0,1825136,4426054,1268004,3040321,2015,10,3915100000
3915100000,KG,-,0017,CAFTA-DR,28,"SAN FRANCISCO, CA",2015,10,0,0,0,0,0,0,0,0,0,2015,10,3915100000
3915100000,KG,-,0021,TWENTY LATIN AMERICAN REPUBLICS,28,"SAN FRANCISCO, CA",2015,10,0,0,0,0,0,0,0,0,0,2015,10,3915100000
3915100000,KG,-,0022,OECD,28,"SAN FRANCISCO, CA",2015,10,0,0,0,0,0,0,0,0,0,2015,10,3915100000
3915100000,KG,-,2110,EL SALVADOR,28,"SAN FRANCISCO, CA",2015,10,0,0,0,0,0,0,0,0,0,2015,10,3915100000
3915100000,KG,-,0026,APEC,28,"SAN FRANCISCO, CA",2015,10,70,4388908,1835136,0,0,1835136,4462054,1278004,3076321,2015,10,3915100000
3915100000,KG,-,0027,ASEAN,28,"SAN FRANCISCO, CA",2015,10,9,330143,110039,0,0,110039,330143,90600,260081,2015,10,3915100000
3915100000,KG,-,0028,CACM,28,"SAN FRANCISCO, CA",2015,10,0,0,0,0,0,0,0,0,0,2015,10,3915100000
3915100000,KG,-,2XXX,CENTRAL AMERICA,28,"SAN FRANCISCO, CA",2015,10,0,0,0,0,0,0,0,0,0,2015,10,3915100000
3915100000,KG,-,5200,UNITED ARAB EMIRATES,28,"SAN FRANCISCO, CA",2015,10,1,19047,9454,0,0,9454,19047,9454,19047,2015,10,3915100000
3915100000,KG,-,5330,INDIA,28,"SAN FRANCISCO, CA",2015,10,1,20000,5000,0,0,5000,20000,5000,20000,2015,10,3915100000
3915100000,KG,-,5520,VIETNAM,28,"SAN FRANCISCO, CA",2015,10,2,36000,10000,0,0,10000,36000,10000,36000,2015,10,3915100000
3915100000,KG,-,5570,MALAYSIA,28,"SAN FRANCISCO, CA",2015,10,1,70062,19439,0,0,19439,70062,0,0,2015,10,3915100000
3915100000,KG,-,5600,INDONESIA,28,"SAN FRANCISCO, CA",2015,10,6,224081,80600,0,0,80600,224081,80600,224081,2015,10,3915100000
3915100000,KG,-,5700,CHINA,28,"SAN FRANCISCO, CA",2015,10,46,2255105,1055360,0,0,1055360,2328251,1040167,2275482,2015,10,3915100000
3915100000,KG,-,5800,"KOREA, SOUTH",28,"SAN FRANCISCO, CA",2015,10,0,0,0,0,0,0,0,0,0,2015,10,3915100000
3915100000,KG,-,5820,HONG KONG,28,"SAN FRANCISCO, CA",2015,10,12,1583122,598500,0,0,598500,1583122,76000,320220,2015,10,3915100000
3915100000,KG,-,5830,TAIWAN,28,"SAN FRANCISCO, CA",2015,10,3,220538,71237,0,0,71237,220538,71237,220538,2015,10,3915100000
3915100000,KG,-,5XXX,ASIA,28,"SAN FRANCISCO, CA",2015,10,72,4427955,1849590,0,0,1849590,4501101,1292458,3115368,2015,10,3915100000
3915100000,KG,-,0014,PACIFIC RIM COUNTRIES,29,"COLUMBIA-SNAKE, OR",2015,10,3,71249,21109,0,0,21109,71249,11100,35507,2015,10,3915100000
3915100000,KG,-,0026,APEC,29,"COLUMBIA-SNAKE, OR",2015,10,3,71249,21109,0,0,21109,71249,11100,35507,2015,10,3915100000
3915100000,KG,-,0027,ASEAN,29,"COLUMBIA-SNAKE, OR",2015,10,1,17237,6200,0,0,6200,17237,6200,17237,2015,10,3915100000
3915100000,KG,-,5570,MALAYSIA,29,"COLUMBIA-SNAKE, OR",2015,10,0,0,0,0,0,0,0,0,0,2015,10,3915100000
3915100000,KG,-,5600,INDONESIA,29,"COLUMBIA-SNAKE, OR",2015,10,1,17237,6200,0,0,6200,17237,6200,17237,2015,10,3915100000
3915100000,KG,-,5700,CHINA,29,"COLUMBIA-SNAKE, OR",2015,10,2,54012,14909,0,0,14909,54012,4900,18270,2015,10,3915100000
3915100000,KG,-,5XXX,ASIA,29,"COLUMBIA-SNAKE, OR",2015,10,3,71249,21109,0,0,21109,71249,11100,35507,2015,10,3915100000
3915100000,KG,-,0003,EUROPEAN UNION,30,"SEATTLE, WA",2015,10,0,0,0,0,0,0,0,0,0,2015,10,3915100000
3915100000,KG,-,0014,PACIFIC RIM COUNTRIES,30,"SEATTLE, WA",2015,10,92,4179971,1372052,0,0,1372052,4192693,1211359,3226919,2015,10,3915100000
3915100000,KG,-,0020,NAFTA,30,"SEATTLE, WA",2015,10,24,459213,212591,0,0,0,0,0,0,2015,10,3915100000
3915100000,KG,-,0022,OECD,30,"SEATTLE, WA",2015,10,24,459213,212591,0,0,0,0,0,0,2015,10,3915100000
3915100000,KG,-,0023,NATO,30,"SEATTLE, WA",2015,10,24,459213,212591,0,0,0,0,0,0,2015,10,3915100000
3915100000,KG,-,1220,CANADA,30,"SEATTLE, WA",2015,10,24,459213,212591,0,0,0,0,0,0,2015,10,3915100000
3915100000,KG,-,0025,EURO AREA,30,"SEATTLE, WA",2015,10,0,0,0,0,0,0,0,0,0,2015,10,3915100000
3915100000,KG,-,0026,APEC,30,"SEATTLE, WA",2015,10,118,4690184,1594843,0,0,1382252,4243693,1221559,3277919,2015,10,3915100000
3915100000,KG,-,0027,ASEAN,30,"SEATTLE, WA",2015,10,14,1255348,436505,0,0,436505,1255348,431800,1223116,2015,10,3915100000
3915100000,KG,-,1XXX,NORTH AMERICA,30,"SEATTLE, WA",2015,10,24,459213,212591,0,0,0,0,0,0,2015,10,3915100000
3915100000,KG,-,4231,BELGIUM,30,"SEATTLE, WA",2015,10,0,0,0,0,0,0,0,0,0,2015,10,3915100000
3915100000,KG,-,4XXX,EUROPE,30,"SEATTLE, WA",2015,10,0,0,0,0,0,0,0,0,0,2015,10,3915100000
3915100000,KG,-,5330,INDIA,30,"SEATTLE, WA",2015,10,0,0,0,0,0,0,0,0,0,2015,10,3915100000
3915100000,KG,-,5520,VIETNAM,30,"SEATTLE, WA",2015,10,2,51000,10200,0,0,10200,51000,10200,51000,2015,10,3915100000
3915100000,KG,-,5570,MALAYSIA,30,"SEATTLE, WA",2015,10,1,32232,4705,0,0,4705,32232,0,0,2015,10,3915100000
3915100000,KG,-,5600,INDONESIA,30,"SEATTLE, WA",2015,10,11,1172116,421600,0,0,421600,1172116,421600,1172116,2015,10,3915100000
3915100000,KG,-,5700,CHINA,30,"SEATTLE, WA",2015,10,47,1646166,580461,0,0,580461,1653479,487321,1105663,2015,10,3915100000
3915100000,KG,-,5820,HONG KONG,30,"SEATTLE, WA",2015,10,26,896243,218626,0,0,218626,901652,155778,515926,2015,10,3915100000
3915100000,KG,-,5830,TAIWAN,30,"SEATTLE, WA",2015,10,7,433214,146660,0,0,146660,433214,146660,433214,2015,10,3915100000
3915100000,KG,-,5XXX,ASIA,30,"SEATTLE, WA",2015,10,94,4230971,1382252,0,0,1382252,4243693,1221559,3277919,2015,10,3915100000
3915100000,KG,-,0014,PACIFIC RIM COUNTRIES,31,"ANCHORAGE, AK",2015,10,0,0,0,0,0,0,0,0,0,2015,10,3915100000
3915100000,KG,-,0022,OECD,31,"ANCHORAGE, AK",2015,10,0,0,0,0,0,0,0,0,0,2015,10,3915100000
3915100000,KG,-,0026,APEC,31,"ANCHORAGE, AK",2015,10,0,0,0,0,0,0,0,0,0,2015,10,3915100000
3915100000,KG,-,5800,"KOREA, SOUTH",31,"ANCHORAGE, AK",2015,10,0,0,0,0,0,0,0,0,0,2015,10,3915100000
3915100000,KG,-,5XXX,ASIA,31,"ANCHORAGE, AK",2015,10,0,0,0,0,0,0,0,0,0,2015,10,3915100000
3915100000,KG,-,0020,NAFTA,33,"GREAT FALLS, MT",2015,10,1,365,3266,0,0,0,0,0,0,2015,10,3915100000
3915100000,KG,-,0022,OECD,33,"GREAT FALLS, MT",2015,10,1,365,3266,0,0,0,0,0,0,2015,10,3915100000
3915100000,KG,-,0023,NATO,33,"GREAT FALLS, MT",2015,10,1,365,3266,0,0,0,0,0,0,2015,10,3915100000
3915100000,KG,-,0026,APEC,33,"GREAT FALLS, MT",2015,10,1,365,3266,0,0,0,0,0,0,2015,10,3915100000
3915100000,KG,-,1220,CANADA,33,"GREAT FALLS, MT",2015,10,1,365,3266,0,0,0,0,0,0,2015,10,3915100000
3915100000,KG,-,1XXX,NORTH AMERICA,33,"GREAT FALLS, MT",2015,10,1,365,3266,0,0,0,0,0,0,2015,10,3915100000
3915100000,KG,-,0014,PACIFIC RIM COUNTRIES,34,"PEMBINA, ND",2015,10,1,66000,20000,0,0,0,0,0,0,2015,10,3915100000
3915100000,KG,-,0020,NAFTA,34,"PEMBINA, ND",2015,10,3,45376,48417,0,0,0,0,0,0,2015,10,3915100000
3915100000,KG,-,0022,OECD,34,"PEMBINA, ND",2015,10,3,45376,48417,0,0,0,0,0,0,2015,10,3915100000
3915100000,KG,-,0023,NATO,34,"PEMBINA, ND",2015,10,3,45376,48417,0,0,0,0,0,0,2015,10,3915100000
3915100000,KG,-,0026,APEC,34,"PEMBINA, ND",2015,10,4,111376,68417,0,0,0,0,0,0,2015,10,3915100000
3915100000,KG,-,1220,CANADA,34,"PEMBINA, ND",2015,10,3,45376,48417,0,0,0,0,0,0,2015,10,3915100000
3915100000,KG,-,1XXX,NORTH AMERICA,34,"PEMBINA, ND",2015,10,3,45376,48417,0,0,0,0,0,0,2015,10,3915100000
3915100000,KG,-,5820,HONG KONG,34,"PEMBINA, ND",2015,10,1,66000,20000,0,0,0,0,0,0,2015,10,3915100000
3915100000,KG,-,5XXX,ASIA,34,"PEMBINA, ND",2015,10,1,66000,20000,0,0,0,0,0,0,2015,10,3915100000
3915100000,KG,-,0014,PACIFIC RIM COUNTRIES,36,"DULUTH, MN",2015,10,5,90190,56650,0,0,2650,17690,0,0,2015,10,3915100000
3915100000,KG,-,0026,APEC,36,"DULUTH, MN",2015,10,5,90190,56650,0,0,2650,17690,0,0,2015,10,3915100000
3915100000,KG,-,5700,CHINA,36,"DULUTH, MN",2015,10,4,72500,54000,0,0,0,0,0,0,2015,10,3915100000
3915100000,KG,-,5820,HONG KONG,36,"DULUTH, MN",2015,10,1,17690,2650,0,0,2650,17690,0,0,2015,10,3915100000
3915100000,KG,-,5XXX,ASIA,36,"DULUTH, MN",2015,10,5,90190,56650,0,0,2650,17690,0,0,2015,10,3915100000
3915100000,KG,-,0014,PACIFIC RIM COUNTRIES,38,"DETROIT, MI",2015,10,0,0,0,0,0,0,0,0,0,2015,10,3915100000
3915100000,KG,-,0020,NAFTA,38,"DETROIT, MI",2015,10,52,5966737,657949,0,0,0,0,0,0,2015,10,3915100000
3915100000,KG,-,0022,OECD,38,"DETROIT, MI",2015,10,52,5966737,657949,0,0,0,0,0,0,2015,10,3915100000
3915100000,KG,-,0023,NATO,38,"DETROIT, MI",2015,10,52,5966737,657949,0,0,0,0,0,0,2015,10,3915100000
3915100000,KG,-,0026,APEC,38,"DETROIT, MI",2015,10,52,5966737,657949,0,0,0,0,0,0,2015,10,3915100000
3915100000,KG,-,1220,CANADA,38,"DETROIT, MI",2015,10,52,5966737,657949,0,0,0,0,0,0,2015,10,3915100000
3915100000,KG,-,1XXX,NORTH AMERICA,38,"DETROIT, MI",2015,10,52,5966737,657949,0,0,0,0,0,0,2015,10,3915100000
3915100000,KG,-,5330,INDIA,38,"DETROIT, MI",2015,10,0,0,0,0,0,0,0,0,0,2015,10,3915100000
3915100000,KG,-,5700,CHINA,38,"DETROIT, MI",2015,10,0,0,0,0,0,0,0,0,0,2015,10,3915100000
3915100000,KG,-,5XXX,ASIA,38,"DETROIT, MI",2015,10,0,0,0,0,0,0,0,0,0,2015,10,3915100000
3915100000,KG,-,0003,EUROPEAN UNION,39,"CHICAGO, IL",2015,10,0,0,0,0,0,0,0,0,0,2015,10,3915100000
3915100000,KG,-,0014,PACIFIC RIM COUNTRIES,39,"CHICAGO, IL",2015,10,6,331459,180912,0,0,180912,332665,24600,56562,2015,10,3915100000
3915100000,KG,-,0022,OECD,39,"CHICAGO, IL",2015,10,0,0,0,0,0,0,0,0,0,2015,10,3915100000
3915100000,KG,-,0023,NATO,39,"CHICAGO, IL",2015,10,0,0,0,0,0,0,0,0,0,2015,10,3915100000
3915100000,KG,-,0025,EURO AREA,39,"CHICAGO, IL",2015,10,0,0,0,0,0,0,0,0,0,2015,10,3915100000
3915100000,KG,-,5820,HONG KONG,39,"CHICAGO, IL",2015,10,5,312816,174912,0,0,174912,312816,18600,36713,2015,10,3915100000
3915100000,KG,-,0026,APEC,39,"CHICAGO, IL",2015,10,6,331459,180912,0,0,180912,332665,24600,56562,2015,10,3915100000
3915100000,KG,-,4759,ITALY,39,"CHICAGO, IL",2015,10,0,0,0,0,0,0,0,0,0,2015,10,3915100000
3915100000,KG,-,4XXX,EUROPE,39,"CHICAGO, IL",2015,10,0,0,0,0,0,0,0,0,0,2015,10,3915100000
3915100000,KG,-,5330,INDIA,39,"CHICAGO, IL",2015,10,0,0,0,0,0,0,0,0,0,2015,10,3915100000
3915100000,KG,-,5700,CHINA,39,"CHICAGO, IL",2015,10,1,18643,6000,0,0,6000,19849,6000,19849,2015,10,3915100000
3915100000,KG,-,5XXX,ASIA,39,"CHICAGO, IL",2015,10,6,331459,180912,0,0,180912,332665,24600,56562,2015,10,3915100000
3915100000,KG,-,0003,EUROPEAN UNION,41,"CLEVELAND, OH",2015,10,3,42,21591,21591,49,0,0,0,0,2015,10,3915100000
3915100000,KG,-,0014,PACIFIC RIM COUNTRIES,41,"CLEVELAND, OH",2015,10,0,0,0,0,0,0,0,0,0,2015,10,3915100000
3915100000,KG,-,0022,OECD,41,"CLEVELAND, OH",2015,10,3,42,21591,21591,49,0,0,0,0,2015,10,3915100000
3915100000,KG,-,0023,NATO,41,"CLEVELAND, OH",2015,10,0,0,0,0,0,0,0,0,0,2015,10,3915100000
3915100000,KG,-,0025,EURO AREA,41,"CLEVELAND, OH",2015,10,3,42,21591,21591,49,0,0,0,0,2015,10,3915100000
3915100000,KG,-,0026,APEC,41,"CLEVELAND, OH",2015,10,0,0,0,0,0,0,0,0,0,2015,10,3915100000
3915100000,KG,-,2740,TRINIDAD AND TOBAGO,41,"CLEVELAND, OH",2015,10,0,0,0,0,0,0,0,0,0,2015,10,3915100000
3915100000,KG,-,2XXX,CENTRAL AMERICA,41,"CLEVELAND, OH",2015,10,0,0,0,0,0,0,0,0,0,2015,10,3915100000
3915100000,KG,-,4190,IRELAND,41,"CLEVELAND, OH",2015,10,3,42,21591,21591,49,0,0,0,0,2015,10,3915100000
3915100000,KG,-,4330,AUSTRIA,41,"CLEVELAND, OH",2015,10,0,0,0,0,0,0,0,0,0,2015,10,3915100000
3915100000,KG,-,4351,CZECH REPUBLIC,41,"CLEVELAND, OH",2015,10,0,0,0,0,0,0,0,0,0,2015,10,3915100000
3915100000,KG,-,4XXX,EUROPE,41,"CLEVELAND, OH",2015,10,3,42,21591,21591,49,0,0,0,0,2015,10,3915100000
3915100000,KG,-,5700,CHINA,41,"CLEVELAND, OH",2015,10,0,0,0,0,0,0,0,0,0,2015,10,3915100000
3915100000,KG,-,5XXX,ASIA,41,"CLEVELAND, OH",2015,10,0,0,0,0,0,0,0,0,0,2015,10,3915100000
3915100000,KG,-,6021,AUSTRALIA,41,"CLEVELAND, OH",2015,10,0,0,0,0,0,0,0,0,0,2015,10,3915100000
3915100000,KG,-,6XXX,AUSTRALIA AND OCEANIA,41,"CLEVELAND, OH",2015,10,0,0,0,0,0,0,0,0,0,2015,10,3915100000
3915100000,KG,-,0001,OPEC,49,"SAN JUAN, PR",2015,10,0,0,0,0,0,0,0,0,0,2015,10,3915100000
3915100000,KG,-,0014,PACIFIC RIM COUNTRIES,49,"SAN JUAN, PR",2015,10,5,163287,43126,0,0,43126,164733,33700,144172,2015,10,3915100000
3915100000,KG,-,0017,CAFTA-DR,49,"SAN JUAN, PR",2015,10,0,0,0,0,0,0,0,0,0,2015,10,3915100000
3915100000,KG,-,0021,TWENTY LATIN AMERICAN REPUBLICS,49,"SAN JUAN, PR",2015,10,0,0,0,0,0,0,0,0,0,2015,10,3915100000
3915100000,KG,-,0026,APEC,49,"SAN JUAN, PR",2015,10,6,178506,50110,0,0,50110,180052,40684,159491,2015,10,3915100000
3915100000,KG,-,0027,ASEAN,49,"SAN JUAN, PR",2015,10,3,78941,22684,0,0,22684,79041,22684,79041,2015,10,3915100000
3915100000,KG,-,0028,CACM,49,"SAN JUAN, PR",2015,10,0,0,0,0,0,0,0,0,0,2015,10,3915100000
3915100000,KG,-,2050,GUATEMALA,49,"SAN JUAN, PR",2015,10,0,0,0,0,0,0,0,0,0,2015,10,3915100000
3915100000,KG,-,2470,DOMINICAN REPUBLIC,49,"SAN JUAN, PR",2015,10,0,0,0,0,0,0,0,0,0,2015,10,3915100000
3915100000,KG,-,2XXX,CENTRAL AMERICA,49,"SAN JUAN, PR",2015,10,0,0,0,0,0,0,0,0,0,2015,10,3915100000
3915100000,KG,-,5200,UNITED ARAB EMIRATES,49,"SAN JUAN, PR",2015,10,0,0,0,0,0,0,0,0,0,2015,10,3915100000
3915100000,KG,-,5330,INDIA,49,"SAN JUAN, PR",2015,10,0,0,0,0,0,0,0,0,0,2015,10,3915100000
3915100000,KG,-,5520,VIETNAM,49,"SAN JUAN, PR",2015,10,1,15219,6984,0,0,6984,15319,6984,15319,2015,10,3915100000
3915100000,KG,-,5600,INDONESIA,49,"SAN JUAN, PR",2015,10,2,63722,15700,0,0,15700,63722,15700,63722,2015,10,3915100000
3915100000,KG,-,5700,CHINA,49,"SAN JUAN, PR",2015,10,2,80450,18000,0,0,18000,80450,18000,80450,2015,10,3915100000
3915100000,KG,-,5820,HONG KONG,49,"SAN JUAN, PR",2015,10,1,19115,9426,0,0,9426,20561,0,0,2015,10,3915100000
3915100000,KG,-,5XXX,ASIA,49,"SAN JUAN, PR",2015,10,6,178506,50110,0,0,50110,180052,40684,159491,2015,10,3915100000
3915100000,KG,-,0021,TWENTY LATIN AMERICAN REPUBLICS,52,"MIAMI, FL",2015,10,1,17941,16147,0,0,16147,17941,16147,17941,2015,10,3915100000
3915100000,KG,-,0003,EUROPEAN UNION,52,"MIAMI, FL",2015,10,0,0,0,0,0,0,0,0,0,2015,10,3915100000
3915100000,KG,-,0014,PACIFIC RIM COUNTRIES,52,"MIAMI, FL",2015,10,7,435567,146155,0,0,146155,435567,142900,416381,2015,10,3915100000
3915100000,KG,-,0017,CAFTA-DR,52,"MIAMI, FL",2015,10,0,0,0,0,0,0,0,0,0,2015,10,3915100000
3915100000,KG,-,0022,OECD,52,"MIAMI, FL",2015,10,1,17941,16147,0,0,16147,17941,16147,17941,2015,10,3915100000
3915100000,KG,-,0023,NATO,52,"MIAMI, FL",2015,10,0,0,0,0,0,0,0,0,0,2015,10,3915100000
3915100000,KG,-,0024,LAFTA,52,"MIAMI, FL",2015,10,1,17941,16147,0,0,16147,17941,16147,17941,2015,10,3915100000
3915100000,KG,-,0025,EURO AREA,52,"MIAMI, FL",2015,10,0,0,0,0,0,0,0,0,0,2015,10,3915100000
3915100000,KG,-,0026,APEC,52,"MIAMI, FL",2015,10,8,453508,162302,0,0,162302,453508,159047,434322,2015,10,3915100000
3915100000,KG,-,0027,ASEAN,52,"MIAMI, FL",2015,10,3,361977,130200,0,0,130200,361977,130200,361977,2015,10,3915100000
3915100000,KG,-,0028,CACM,52,"MIAMI, FL",2015,10,0,0,0,0,0,0,0,0,0,2015,10,3915100000
3915100000,KG,-,2110,EL SALVADOR,52,"MIAMI, FL",2015,10,0,0,0,0,0,0,0,0,0,2015,10,3915100000
3915100000,KG,-,2230,COSTA RICA,52,"MIAMI, FL",2015,10,0,0,0,0,0,0,0,0,0,2015,10,3915100000
3915100000,KG,-,2470,DOMINICAN REPUBLIC,52,"MIAMI, FL",2015,10,0,0,0,0,0,0,0,0,0,2015,10,3915100000
3915100000,KG,-,2XXX,CENTRAL AMERICA,52,"MIAMI, FL",2015,10,0,0,0,0,0,0,0,0,0,2015,10,3915100000
3915100000,KG,-,3370,CHILE,52,"MIAMI, FL",2015,10,1,17941,16147,0,0,16147,17941,16147,17941,2015,10,3915100000
3915100000,KG,-,3550,URUGUAY,52,"MIAMI, FL",2015,10,0,0,0,0,0,0,0,0,0,2015,10,3915100000
3915100000,KG,-,5330,INDIA,52,"MIAMI, FL",2015,10,1,40670,26436,0,0,26436,40670,26436,40670,2015,10,3915100000
3915100000,KG,-,3XXX,SOUTH AMERICA,52,"MIAMI, FL",2015,10,1,17941,16147,0,0,16147,17941,16147,17941,2015,10,3915100000
3915100000,KG,-,4759,ITALY,52,"MIAMI, FL",2015,10,0,0,0,0,0,0,0,0,0,2015,10,3915100000
3915100000,KG,-,4XXX,EUROPE,52,"MIAMI, FL",2015,10,0,0,0,0,0,0,0,0,0,2015,10,3915100000
3915100000,KG,-,5490,THAILAND,52,"MIAMI, FL",2015,10,0,0,0,0,0,0,0,0,0,2015,10,3915100000
3915100000,KG,-,5520,VIETNAM,52,"MIAMI, FL",2015,10,0,0,0,0,0,0,0,0,0,2015,10,3915100000
3915100000,KG,-,5570,MALAYSIA,52,"MIAMI, FL",2015,10,0,0,0,0,0,0,0,0,0,2015,10,3915100000
3915100000,KG,-,5600,INDONESIA,52,"MIAMI, FL",2015,10,3,361977,130200,0,0,130200,361977,130200,361977,2015,10,3915100000
3915100000,KG,-,5830,TAIWAN,52,"MIAMI, FL",2015,10,1,18260,6200,0,0,6200,18260,6200,18260,2015,10,3915100000
3915100000,KG,-,5650,PHILIPPINES,52,"MIAMI, FL",2015,10,0,0,0,0,0,0,0,0,0,2015,10,3915100000
3915100000,KG,-,5700,CHINA,52,"MIAMI, FL",2015,10,3,55330,9755,0,0,9755,55330,6500,36144,2015,10,3915100000
3915100000,KG,-,5820,HONG KONG,52,"MIAMI, FL",2015,10,0,0,0,0,0,0,0,0,0,2015,10,3915100000
3915100000,KG,-,5XXX,ASIA,52,"MIAMI, FL",2015,10,8,476237,172591,0,0,172591,476237,169336,457051,2015,10,3915100000
3915100000,KG,-,7490,GHANA,52,"MIAMI, FL",2015,10,0,0,0,0,0,0,0,0,0,2015,10,3915100000
3915100000,KG,-,7XXX,AFRICA,52,"MIAMI, FL",2015,10,0,0,0,0,0,0,0,0,0,2015,10,3915100000
3915100000,KG,-,0001,OPEC,53,"HOUSTON-GALVESTON, TX",2015,10,0,0,0,0,0,0,0,0,0,2015,10,3915100000
3915100000,KG,-,0003,EUROPEAN UNION,53,"HOUSTON-GALVESTON, TX",2015,10,0,0,0,0,0,0,0,0,0,2015,10,3915100000
3915100000,KG,-,0014,PACIFIC RIM COUNTRIES,53,"HOUSTON-GALVESTON, TX",2015,10,30,643957,417966,0,0,417966,647540,276856,336083,2015,10,3915100000
3915100000,KG,-,0017,CAFTA-DR,53,"HOUSTON-GALVESTON, TX",2015,10,14,270153,229853,0,0,229853,275776,229853,275776,2015,10,3915100000
3915100000,KG,-,0021,TWENTY LATIN AMERICAN REPUBLICS,53,"HOUSTON-GALVESTON, TX",2015,10,14,270153,229853,0,0,229853,275776,229853,275776,2015,10,3915100000
3915100000,KG,-,0022,OECD,53,"HOUSTON-GALVESTON, TX",2015,10,1,20110,23400,0,0,23400,20110,23400,20110,2015,10,3915100000
3915100000,KG,-,0023,NATO,53,"HOUSTON-GALVESTON, TX",2015,10,0,0,0,0,0,0,0,0,0,2015,10,3915100000
3915100000,KG,-,0024,LAFTA,53,"HOUSTON-GALVESTON, TX",2015,10,0,0,0,0,0,0,0,0,0,2015,10,3915100000
3915100000,KG,-,0025,EURO AREA,53,"HOUSTON-GALVESTON, TX",2015,10,0,0,0,0,0,0,0,0,0,2015,10,3915100000
3915100000,KG,-,0026,APEC,53,"HOUSTON-GALVESTON, TX",2015,10,30,643957,417966,0,0,417966,647540,276856,336083,2015,10,3915100000
3915100000,KG,-,0027,ASEAN,53,"HOUSTON-GALVESTON, TX",2015,10,1,8495,79521,0,0,79521,8495,79521,8495,2015,10,3915100000
3915100000,KG,-,0028,CACM,53,"HOUSTON-GALVESTON, TX",2015,10,14,270153,229853,0,0,229853,275776,229853,275776,2015,10,3915100000
3915100000,KG,-,2050,GUATEMALA,53,"HOUSTON-GALVESTON, TX",2015,10,9,172264,160071,0,0,160071,176821,160071,176821,2015,10,3915100000
3915100000,KG,-,2110,EL SALVADOR,53,"HOUSTON-GALVESTON, TX",2015,10,5,97889,69782,0,0,69782,98955,69782,98955,2015,10,3915100000
3915100000,KG,-,2230,COSTA RICA,53,"HOUSTON-GALVESTON, TX",2015,10,0,0,0,0,0,0,0,0,0,2015,10,3915100000
3915100000,KG,-,2470,DOMINICAN REPUBLIC,53,"HOUSTON-GALVESTON, TX",2015,10,0,0,0,0,0,0,0,0,0,2015,10,3915100000
3915100000,KG,-,2XXX,CENTRAL AMERICA,53,"HOUSTON-GALVESTON, TX",2015,10,14,270153,229853,0,0,229853,275776,229853,275776,2015,10,3915100000
3915100000,KG,-,3310,ECUADOR,53,"HOUSTON-GALVESTON, TX",2015,10,0,0,0,0,0,0,0,0,0,2015,10,3915100000
3915100000,KG,-,3330,PERU,53,"HOUSTON-GALVESTON, TX",2015,10,0,0,0,0,0,0,0,0,0,2015,10,3915100000
3915100000,KG,-,3550,URUGUAY,53,"HOUSTON-GALVESTON, TX",2015,10,0,0,0,0,0,0,0,0,0,2015,10,3915100000
3915100000,KG,-,3XXX,SOUTH AMERICA,53,"HOUSTON-GALVESTON, TX",2015,10,0,0,0,0,0,0,0,0,0,2015,10,3915100000
3915100000,KG,-,4231,BELGIUM,53,"HOUSTON-GALVESTON, TX",2015,10,0,0,0,0,0,0,0,0,0,2015,10,3915100000
3915100000,KG,-,4279,FRANCE,53,"HOUSTON-GALVESTON, TX",2015,10,0,0,0,0,0,0,0,0,0,2015,10,3915100000
3915100000,KG,-,4XXX,EUROPE,53,"HOUSTON-GALVESTON, TX",2015,10,0,0,0,0,0,0,0,0,0,2015,10,3915100000
3915100000,KG,-,5170,SAUDI ARABIA,53,"HOUSTON-GALVESTON, TX",2015,10,0,0,0,0,0,0,0,0,0,2015,10,3915100000
3915100000,KG,-,5330,INDIA,53,"HOUSTON-GALVESTON, TX",2015,10,46,1973607,1886432,0,0,1886432,1986865,1800010,1826192,2015,10,3915100000
3915100000,KG,-,5350,PAKISTAN,53,"HOUSTON-GALVESTON, TX",2015,10,0,0,0,0,0,0,0,0,0,2015,10,3915100000
3915100000,KG,-,5520,VIETNAM,53,"HOUSTON-GALVESTON, TX",2015,10,0,0,0,0,0,0,0,0,0,2015,10,3915100000
3915100000,KG,-,5570,MALAYSIA,53,"HOUSTON-GALVESTON, TX",2015,10,1,8495,79521,0,0,79521,8495,79521,8495,2015,10,3915100000
3915100000,KG,-,5700,CHINA,53,"HOUSTON-GALVESTON, TX",2015,10,19,414649,222903,0,0,222903,417396,155235,269738,2015,10,3915100000
3915100000,KG,-,5800,"KOREA, SOUTH",53,"HOUSTON-GALVESTON, TX",2015,10,1,20110,23400,0,0,23400,20110,23400,20110,2015,10,3915100000
3915100000,KG,-,5820,HONG KONG,53,"HOUSTON-GALVESTON, TX",2015,10,9,200703,92142,0,0,92142,201539,18700,37740,2015,10,3915100000
3915100000,KG,-,5XXX,ASIA,53,"HOUSTON-GALVESTON, TX",2015,10,76,2617564,2304398,0,0,2304398,2634405,2076866,2162275,2015,10,3915100000
3915100000,KG,-,0020,NAFTA,70,LOW VALUE,2015,10,1,4958521,132116,0,0,0,0,0,0,2015,10,3915100000
3915100000,KG,-,0022,OECD,70,LOW VALUE,2015,10,1,4958521,132116,0,0,0,0,0,0,2015,10,3915100000
3915100000,KG,-,0023,NATO,70,LOW VALUE,2015,10,1,4958521,132116,0,0,0,0,0,0,2015,10,3915100000
3915100000,KG,-,0026,APEC,70,LOW VALUE,2015,10,1,4958521,132116,0,0,0,0,0,0,2015,10,3915100000
3915100000,KG,-,1220,CANADA,70,LOW VALUE,2015,10,1,4958521,132116,0,0,0,0,0,0,2015,10,3915100000
3915100000,KG,-,1XXX,NORTH AMERICA,70,LOW VALUE,2015,10,1,4958521,132116,0,0,0,0,0,0,2015,10,3915100000
3915100000,KG,-,0017,CAFTA-DR,-,TOTAL FOR ALL DISTRICTS,2015,10,20,757368,610841,0,0,610841,785721,610841,785721,2015,10,3915100000
3915100000,KG,-,0001,OPEC,-,TOTAL FOR ALL DISTRICTS,2015,10,2,39047,30854,0,0,30854,39047,30854,39047,2015,10,3915100000
3915100000,KG,-,0003,EUROPEAN UNION,-,TOTAL FOR ALL DISTRICTS,2015,10,5,18174,31929,27767,72,4162,18112,0,0,2015,10,3915100000
3915100000,KG,-,0014,PACIFIC RIM COUNTRIES,-,TOTAL FOR ALL DISTRICTS,2015,10,1112,47514205,18592096,23079,1292,18495017,47900956,14861555,38673217,2015,10,3915100000
3915100000,KG,-,0020,NAFTA,-,TOTAL FOR ALL DISTRICTS,2015,10,172,12974962,1912076,0,0,0,0,0,0,2015,10,3915100000
3915100000,KG,-,0021,TWENTY LATIN AMERICAN REPUBLICS,-,TOTAL FOR ALL DISTRICTS,2015,10,52,1107453,820287,0,0,655428,863662,655428,863662,2015,10,3915100000
3915100000,KG,-,0022,OECD,-,TOTAL FOR ALL DISTRICTS,2015,10,185,13145328,2023457,27767,72,83614,170916,79452,152804,2015,10,3915100000
3915100000,KG,-,0023,NATO,-,TOTAL FOR ALL DISTRICTS,2015,10,146,12720950,1757555,6176,23,4162,18112,0,0,2015,10,3915100000
3915100000,KG,-,0024,LAFTA,-,TOTAL FOR ALL DISTRICTS,2015,10,32,350085,209446,0,0,44587,77941,44587,77941,2015,10,3915100000
3915100000,KG,-,0025,EURO AREA,-,TOTAL FOR ALL DISTRICTS,2015,10,4,18154,25753,21591,49,4162,18112,0,0,2015,10,3915100000
3915100000,KG,-,0026,APEC,-,TOTAL FOR ALL DISTRICTS,2015,10,1331,61751179,20907163,23079,1292,18898008,49163668,15237136,39863397,2015,10,3915100000
3915100000,KG,-,0027,ASEAN,-,TOTAL FOR ALL DISTRICTS,2015,10,112,5237948,1890870,23079,1292,1867791,5237356,1744115,4821468,2015,10,3915100000
3915100000,KG,-,0028,CACM,-,TOTAL FOR ALL DISTRICTS,2015,10,19,666918,588907,0,0,588907,695271,588907,695271,2015,10,3915100000
3915100000,KG,-,1220,CANADA,-,TOTAL FOR ALL DISTRICTS,2015,10,144,12702818,1747217,0,0,0,0,0,0,2015,10,3915100000
3915100000,KG,-,2320,BERMUDA,-,TOTAL FOR ALL DISTRICTS,2015,10,0,0,0,0,0,0,0,0,0,2015,10,3915100000
3915100000,KG,-,1XXX,NORTH AMERICA,-,TOTAL FOR ALL DISTRICTS,2015,10,172,12974962,1912076,0,0,0,0,0,0,2015,10,3915100000
3915100000,KG,-,2010,MEXICO,-,TOTAL FOR ALL DISTRICTS,2015,10,28,272144,164859,0,0,0,0,0,0,2015,10,3915100000
3915100000,KG,-,2050,GUATEMALA,-,TOTAL FOR ALL DISTRICTS,2015,10,10,189810,166518,0,0,166518,196316,166518,196316,2015,10,3915100000
3915100000,KG,-,2110,EL SALVADOR,-,TOTAL FOR ALL DISTRICTS,2015,10,9,477108,422389,0,0,422389,498955,422389,498955,2015,10,3915100000
3915100000,KG,-,2230,COSTA RICA,-,TOTAL FOR ALL DISTRICTS,2015,10,0,0,0,0,0,0,0,0,0,2015,10,3915100000
3915100000,KG,-,2470,DOMINICAN REPUBLIC,-,TOTAL FOR ALL DISTRICTS,2015,10,1,90450,21934,0,0,21934,90450,21934,90450,2015,10,3915100000
3915100000,KG,-,2740,TRINIDAD AND TOBAGO,-,TOTAL FOR ALL DISTRICTS,2015,10,0,0,0,0,0,0,0,0,0,2015,10,3915100000
3915100000,KG,-,2XXX,CENTRAL AMERICA,-,TOTAL FOR ALL DISTRICTS,2015,10,20,757368,610841,0,0,610841,785721,610841,785721,2015,10,3915100000
3915100000,KG,-,3310,ECUADOR,-,TOTAL FOR ALL DISTRICTS,2015,10,1,20000,21400,0,0,21400,20000,21400,20000,2015,10,3915100000
3915100000,KG,-,3330,PERU,-,TOTAL FOR ALL DISTRICTS,2015,10,0,0,0,0,0,0,0,0,0,2015,10,3915100000
3915100000,KG,-,3370,CHILE,-,TOTAL FOR ALL DISTRICTS,2015,10,3,57941,23187,0,0,23187,57941,23187,57941,2015,10,3915100000
3915100000,KG,-,3550,URUGUAY,-,TOTAL FOR ALL DISTRICTS,2015,10,0,0,0,0,0,0,0,0,0,2015,10,3915100000
3915100000,KG,-,3XXX,SOUTH AMERICA,-,TOTAL FOR ALL DISTRICTS,2015,10,4,77941,44587,0,0,44587,77941,44587,77941,2015,10,3915100000
3915100000,KG,-,4120,UNITED KINGDOM,-,TOTAL FOR ALL DISTRICTS,2015,10,1,20,6176,6176,23,0,0,0,0,2015,10,3915100000
3915100000,KG,-,4190,IRELAND,-,TOTAL FOR ALL DISTRICTS,2015,10,3,42,21591,21591,49,0,0,0,0,2015,10,3915100000
3915100000,KG,-,4231,BELGIUM,-,TOTAL FOR ALL DISTRICTS,2015,10,0,0,0,0,0,0,0,0,0,2015,10,3915100000
3915100000,KG,-,4279,FRANCE,-,TOTAL FOR ALL DISTRICTS,2015,10,0,0,0,0,0,0,0,0,0,2015,10,3915100000
3915100000,KG,-,4280,GERMANY,-,TOTAL FOR ALL DISTRICTS,2015,10,1,18112,4162,0,0,4162,18112,0,0,2015,10,3915100000
3915100000,KG,-,4330,AUSTRIA,-,TOTAL FOR ALL DISTRICTS,2015,10,0,0,0,0,0,0,0,0,0,2015,10,3915100000
3915100000,KG,-,4351,CZECH REPUBLIC,-,TOTAL FOR ALL DISTRICTS,2015,10,0,0,0,0,0,0,0,0,0,2015,10,3915100000
3915100000,KG,-,4759,ITALY,-,TOTAL FOR ALL DISTRICTS,2015,10,0,0,0,0,0,0,0,0,0,2015,10,3915100000
3915100000,KG,-,4890,TURKEY,-,TOTAL FOR ALL DISTRICTS,2015,10,0,0,0,0,0,0,0,0,0,2015,10,3915100000
3915100000,KG,-,4XXX,EUROPE,-,TOTAL FOR ALL DISTRICTS,2015,10,5,18174,31929,27767,72,4162,18112,0,0,2015,10,3915100000
3915100000,KG,-,5170,SAUDI ARABIA,-,TOTAL FOR ALL DISTRICTS,2015,10,0,0,0,0,0,0,0,0,0,2015,10,3915100000
3915100000,KG,-,5200,UNITED ARAB EMIRATES,-,TOTAL FOR ALL DISTRICTS,2015,10,1,19047,9454,0,0,9454,19047,9454,19047,2015,10,3915100000
3915100000,KG,-,5330,INDIA,-,TOTAL FOR ALL DISTRICTS,2015,10,178,6892358,4239663,0,0,4239663,6955149,3913646,6279485,2015,10,3915100000
3915100000,KG,-,5350,PAKISTAN,-,TOTAL FOR ALL DISTRICTS,2015,10,1,20185,17500,0,0,17500,20185,17500,20185,2015,10,3915100000
3915100000,KG,-,5380,BANGLADESH,-,TOTAL FOR ALL DISTRICTS,2015,10,1,14515,4480,0,0,4480,14515,4480,14515,2015,10,3915100000
3915100000,KG,-,5490,THAILAND,-,TOTAL FOR ALL DISTRICTS,2015,10,0,0,0,0,0,0,0,0,0,2015,10,3915100000
3915100000,KG,-,5520,VIETNAM,-,TOTAL FOR ALL DISTRICTS,2015,10,44,1204071,379804,0,0,379804,1204771,352394,1132239,2015,10,3915100000
3915100000,KG,-,5570,MALAYSIA,-,TOTAL FOR ALL DISTRICTS,2015,10,14,430163,201287,0,0,201287,430163,105021,86807,2015,10,3915100000
3915100000,KG,-,5590,SINGAPORE,-,TOTAL FOR ALL DISTRICTS,2015,10,1,1292,23079,23079,1292,0,0,0,0,2015,10,3915100000
3915100000,KG,-,5600,INDONESIA,-,TOTAL FOR ALL DISTRICTS,2015,10,53,3602422,1286700,0,0,1286700,3602422,1286700,3602422,2015,10,3915100000
3915100000,KG,-,5650,PHILIPPINES,-,TOTAL FOR ALL DISTRICTS,2015,10,0,0,0,0,0,0,0,0,0,2015,10,3915100000
3915100000,KG,-,5660,MACAU,-,TOTAL FOR ALL DISTRICTS,2015,10,0,0,0,0,0,0,0,0,0,2015,10,3915100000
3915100000,KG,-,5700,CHINA,-,TOTAL FOR ALL DISTRICTS,2015,10,693,29455609,11897657,0,0,11843657,29769694,10350860,25197104,2015,10,3915100000
3915100000,KG,-,5800,"KOREA, SOUTH",-,TOTAL FOR ALL DISTRICTS,2015,10,3,58251,46265,0,0,46265,58863,46265,58863,2015,10,3915100000
3915100000,KG,-,5820,HONG KONG,-,TOTAL FOR ALL DISTRICTS,2015,10,309,11796258,4429646,0,0,4409646,11869604,2384947,7607211,2015,10,3915100000
3915100000,KG,-,5830,TAIWAN,-,TOTAL FOR ALL DISTRICTS,2015,10,37,2134210,697462,0,0,697462,2134210,677762,2084810,2015,10,3915100000
3915100000,KG,-,5880,JAPAN,-,TOTAL FOR ALL DISTRICTS,2015,10,2,36000,10000,0,0,10000,36000,10000,36000,2015,10,3915100000
3915100000,KG,-,5XXX,ASIA,-,TOTAL FOR ALL DISTRICTS,2015,10,1337,55664381,23242997,23079,1292,23145918,56114623,19159029,46138688,2015,10,3915100000
3915100000,KG,-,6021,AUSTRALIA,-,TOTAL FOR ALL DISTRICTS,2015,10,0,0,0,0,0,0,0,0,0,2015,10,3915100000
3915100000,KG,-,6XXX,AUSTRALIA AND OCEANIA,-,TOTAL FOR ALL DISTRICTS,2015,10,0,0,0,0,0,0,0,0,0,2015,10,3915100000
3915100000,KG,-,7490,GHANA,-,TOTAL FOR ALL DISTRICTS,2015,10,0,0,0,0,0,0,0,0,0,2015,10,3915100000
3915100000,KG,-,7910,SOUTH AFRICA,-,TOTAL FOR ALL DISTRICTS,2015,10,0,0,0,0,0,0,0,0,0,2015,10,3915100000
3915100000,KG,-,7XXX,AFRICA,-,TOTAL FOR ALL DISTRICTS,2015,10,0,0,0,0,0,0,0,0,0,2015,10,3915100000
3915100000,KG,-,-,TOTAL FOR ALL COUNTRIES,09,"BUFFALO, NY",2015,10,40,933908,431326,0,0,0,0,0,0,2015,10,3915100000
3915100000,KG,-,-,TOTAL FOR ALL COUNTRIES,-,TOTAL FOR ALL DISTRICTS,2015,10,1538,69492826,25842430,50846,1364,23805508,56996397,19814457,47002350,2015,10,3915100000
3915100000,KG,-,-,TOTAL FOR ALL COUNTRIES,01,"PORTLAND, ME",2015,10,0,0,0,0,0,0,0,0,0,2015,10,3915100000
3915100000,KG,-,-,TOTAL FOR ALL COUNTRIES,02,"ST. ALBANS, VT",2015,10,2,24149,14530,0,0,0,0,0,0,2015,10,3915100000
3915100000,KG,-,-,TOTAL FOR ALL COUNTRIES,04,"BOSTON, MA",2015,10,12,319613,114896,0,0,114896,356349,75775,156997,2015,10,3915100000
3915100000,KG,-,-,TOTAL FOR ALL COUNTRIES,07,"OGDENSBURG, NY",2015,10,21,314549,247022,0,0,0,0,0,0,2015,10,3915100000
3915100000,KG,-,-,TOTAL FOR ALL COUNTRIES,10,"NEW YORK CITY, NY",2015,10,182,7791677,3140714,0,0,3140714,7837127,2340036,5922224,2015,10,3915100000
3915100000,KG,-,-,TOTAL FOR ALL COUNTRIES,11,"PHILADELPHIA, PA",2015,10,2,33827,30525,6176,23,24349,35807,24349,35807,2015,10,3915100000
3915100000,KG,-,-,TOTAL FOR ALL COUNTRIES,13,"BALTIMORE, MD",2015,10,9,344310,156386,0,0,156386,344410,156386,344410,2015,10,3915100000
3915100000,KG,-,-,TOTAL FOR ALL COUNTRIES,14,"NORFOLK, VA",2015,10,83,5887836,2815933,0,0,2815933,5920613,2566978,5361245,2015,10,3915100000
3915100000,KG,-,-,TOTAL FOR ALL COUNTRIES,15,"WILMINGTON, NC",2015,10,2,36260,11200,0,0,11200,36260,11200,36260,2015,10,3915100000
3915100000,KG,-,-,TOTAL FOR ALL COUNTRIES,16,"CHARLESTON, SC",2015,10,82,2821252,866604,0,0,866604,2881435,529281,2205712,2015,10,3915100000
3915100000,KG,-,-,TOTAL FOR ALL COUNTRIES,17,"SAVANNAH, GA",2015,10,104,3991771,1437507,23079,1292,1414428,4007075,1332920,3804424,2015,10,3915100000
3915100000,KG,-,-,TOTAL FOR ALL COUNTRIES,18,"TAMPA, FL",2015,10,32,1261666,493809,0,0,493809,1264577,416801,1076972,2015,10,3915100000
3915100000,KG,-,-,TOTAL FOR ALL COUNTRIES,19,"MOBILE, AL",2015,10,2,93995,92631,0,0,92631,93995,9621,18688,2015,10,3915100000
3915100000,KG,-,-,TOTAL FOR ALL COUNTRIES,20,"NEW ORLEANS, LA",2015,10,2,107996,28381,0,0,28381,109945,28381,109945,2015,10,3915100000
3915100000,KG,-,-,TOTAL FOR ALL COUNTRIES,23,"LAREDO, TX",2015,10,22,221378,71617,0,0,0,0,0,0,2015,10,3915100000
3915100000,KG,-,-,TOTAL FOR ALL COUNTRIES,24,"EL PASO, TX",2015,10,4,26848,67732,0,0,0,0,0,0,2015,10,3915100000
3915100000,KG,-,-,TOTAL FOR ALL COUNTRIES,25,"SAN DIEGO, CA",2015,10,3,42763,30510,0,0,5000,18845,0,0,2015,10,3915100000
3915100000,KG,-,-,TOTAL FOR ALL COUNTRIES,26,"NOGALES, AZ",2015,10,0,0,0,0,0,0,0,0,0,2015,10,3915100000
3915100000,KG,-,-,TOTAL FOR ALL COUNTRIES,27,"LOS ANGELES, CA",2015,10,564,21030549,8431565,0,0,8431565,21339150,7240126,18371776,2015,10,3915100000
3915100000,KG,-,-,TOTAL FOR ALL COUNTRIES,28,"SAN FRANCISCO, CA",2015,10,72,4427955,1849590,0,0,1849590,4501101,1292458,3115368,2015,10,3915100000
3915100000,KG,-,-,TOTAL FOR ALL COUNTRIES,29,"COLUMBIA-SNAKE, OR",2015,10,3,71249,21109,0,0,21109,71249,11100,35507,2015,10,3915100000
3915100000,KG,-,-,TOTAL FOR ALL COUNTRIES,30,"SEATTLE, WA",2015,10,118,4690184,1594843,0,0,1382252,4243693,1221559,3277919,2015,10,3915100000
3915100000,KG,-,-,TOTAL FOR ALL COUNTRIES,31,"ANCHORAGE, AK",2015,10,0,0,0,0,0,0,0,0,0,2015,10,3915100000
3915100000,KG,-,-,TOTAL FOR ALL COUNTRIES,33,"GREAT FALLS, MT",2015,10,1,365,3266,0,0,0,0,0,0,2015,10,3915100000
3915100000,KG,-,-,TOTAL FOR ALL COUNTRIES,34,"PEMBINA, ND",2015,10,4,111376,68417,0,0,0,0,0,0,2015,10,3915100000
3915100000,KG,-,-,TOTAL FOR ALL COUNTRIES,36,"DULUTH, MN",2015,10,5,90190,56650,0,0,2650,17690,0,0,2015,10,3915100000
3915100000,KG,-,-,TOTAL FOR ALL COUNTRIES,41,"CLEVELAND, OH",2015,10,3,42,21591,21591,49,0,0,0,0,2015,10,3915100000
3915100000,KG,-,-,TOTAL FOR ALL COUNTRIES,38,"DETROIT, MI",2015,10,52,5966737,657949,0,0,0,0,0,0,2015,10,3915100000
3915100000,KG,-,-,TOTAL FOR ALL COUNTRIES,39,"CHICAGO, IL",2015,10,6,331459,180912,0,0,180912,332665,24600,56562,2015,10,3915100000
